1170,39,-0.01,0.02,0.01
-736,-69,0.03,0.11,0.02
1291,321,0.02,-0.18,0.03
-777,-190,0.05,0.07,0.04
767,333,0.01,-0.01,0.02
-271,214,-0.01,-0.3,0.02
-663,58,0.02,0.09,0.01
994,-64,0.04,-0.14,0.04
-795,-376,0.02,0.11,0.01
1615,118,-0.0,-0.08,-0.03
-270,-64,-0.0,0.12,0.04
434,277,-0.01,-0.08,-0.0
628,-285,0.01,-0.06,-0.01
-598,87,-0.01,-0.02,-0.01
1092,299,-0.02,-0.1,0.03
-1234,61,-0.02,0.13,-0.05
676,219,0.01,0.05,-0.0
-240,-377,-0.05,0.0,-0.04
204,106,-0.03,0.03,-0.03
1323,-56,-0.06,-0.11,-0.09
-722,62,-0.02,-0.01,-0.0
1474,158,0.04,0.03,0.04
-576,-283,0.02,0.01,0.02
665,210,0.02,-0.0,0.02
-17,49,0.0,-0.03,-0.01
-716,415,-0.01,-0.0,0.03
1218,-48,-0.02,-0.04,-0.01
-765,-128,-0.02,-0.13,-0.0
1549,288,-0.0,0.11,0.01
-178,-60,-0.02,0.05,0.02
382,381,0.01,-0.13,-0.01
926,43,0.0,0.0,0.02
-732,244,0.02,0.03,0.0
1062,135,-0.01,0.06,0.01
-1152,218,-0.03,0.13,-0.03
708,179,0.01,-0.18,0.04
184,-310,0.03,0.15,0.05
78,89,0.04,-0.06,0.03
1453,-232,0.02,0.06,0.04
-783,126,0.01,-0.06,0.03
1458,-76,-0.0,0.02,0.0
-338,-99,0.01,0.02,-0.01
174,157,0.04,-0.01,0.0
-89,-49,0.01,0.06,0.01
-942,294,-0.02,-0.1,-0.05
1158,-253,-0.0,-0.15,-0.02
-741,149,0.02,0.09,0.03
1452,64,-0.02,-0.12,-0.02
-26,-61,0.01,0.07,0.01
58,223,-0.01,0.14,-0.03
1102,-272,0.01,0.11,0.01
-1013,136,0.02,-0.02,0.0
774,-3,0.07,0.09,-0.02
-1196,434,-0.01,-0.1,0.03
541,90,0.03,0.02,0.02
235,-125,-0.02,0.04,0.0
66,20,0.0,-0.02,-0.0
1582,-109,0.02,0.02,-0.0
-947,408,0.05,-0.17,0.09
1231,-84,-0.04,0.12,-0.06
-389,214,-0.02,-0.05,-0.0
-139,226,-0.03,0.11,-0.02
25,255,0.01,-0.05,0.02
-1027,454,0.11,-0.06,0.02
1238,-99,0.06,0.02,0.05
-837,310,-0.04,-0.17,-0.01
1165,-92,-0.04,-0.04,-0.03
19,262,-0.03,-0.02,-0.03
-173,86,0.0,0.09,0.04
1052,-28,0.03,-0.01,-0.02
-1241,135,-0.0,-0.04,-0.03
708,-99,-0.01,0.01,0.0
-1119,320,-0.04,-0.09,-0.03
243,-78,-0.03,-0.09,-0.03
434,194,-0.05,0.14,-0.05
-179,13,0.02,-0.16,0.01
1461,-144,0.02,0.16,0.01
-965,214,0.01,-0.07,-0.03
1247,30,-0.02,0.15,0.02
-404,420,0.01,-0.14,0.02
-489,-22,0.01,0.04,0.04
143,218,0.01,-0.05,0.02
-1307,274,-0.0,0.04,0.0
1171,34,0.0,-0.0,0.0
-596,131,0.03,-0.18,0.03
885,-200,0.02,0.14,0.03
-66,165,-0.0,-0.06,-0.01
-389,-207,0.01,0.07,-0.0
1207,218,0.01,-0.15,0.05
-1247,199,0.04,0.11,0.03
550,106,0.0,-0.09,0.01
-1012,323,-0.01,0.07,-0.0
146,-32,0.01,-0.07,0.04
634,410,-0.03,0.02,-0.01
-446,-30,-0.01,-0.04,-0.0
1361,276,-0.01,0.07,-0.03
-1101,313,0.01,-0.05,0.01
850,1,-0.05,-0.06,-0.03
-385,378,0.0,0.18,0.0
-670,64,0.01,-0.01,-0.01
485,531,-0.0,-0.01,-0.0
-1211,189,0.02,-0.0,0.02
1424,222,-0.01,-0.07,-0.01
-422,127,0.0,0.14,-0.01
728,-143,-0.0,-0.01,-0.02
60,256,-0.05,-0.01,-0.03
-671,-101,-0.02,0.08,-0.03
984,447,-0.03,-0.16,-0.01
-1576,94,0.01,0.09,0.03
502,242,-0.02,-0.01,-0.04
-935,288,-0.01,0.04,-0.0
-196,-10,0.0,0.03,0.0
604,282,-0.01,0.01,0.02
-734,-8,-0.02,0.06,-0.01
1030,445,0.02,-0.03,-0.0
-1211,96,0.03,0.09,0.04
765,243,0.06,-0.03,-0.0
-433,220,0.03,0.02,0.04
-923,-26,-0.01,0.13,0.02
335,433,-0.0,-0.1,-0.03
-1396,42,-0.02,0.03,0.03
1277,322,0.02,-0.06,0.03
-524,32,0.03,0.13,0.01
408,32,-0.01,-0.11,-0.0
144,231,0.02,0.02,0.01
-827,115,0.01,-0.04,0.02
1033,427,-0.01,-0.02,-0.02
-1839,7,-0.04,0.12,0.01
181,423,0.0,-0.23,0.03
-1020,99,0.01,-0.07,0.0
-495,313,-0.01,-0.02,0.04
742,33,0.0,-0.13,0.0
-1029,133,0.01,0.08,0.02
821,-236,-0.03,-0.11,0.0
-1400,154,-0.03,0.05,-0.0
222,-224,-0.01,0.02,0.01
-561,69,-0.02,-0.22,0.0
-1400,353,-0.02,0.15,-0.0
417,-41,0.05,-0.15,0.04
-1511,416,0.0,0.04,0.04
1032,-23,0.01,-0.1,0.02
-599,219,0.04,0.09,-0.02
23,-8,-0.01,-0.06,-0.0
282,114,-0.03,-0.01,-0.03
-1147,276,0.01,0.07,0.02
606,-38,-0.04,0.0,-0.04
-1900,400,0.04,-0.0,0.01
-134,-117,0.04,0.14,0.02
-890,223,0.03,0.01,0.02
-391,72,-0.03,0.05,0.01
1072,210,0.05,-0.04,0.02
-1107,284,0.01,0.04,0.04
926,-114,0.02,-0.15,0.01
-991,407,-0.0,0.06,0.03
182,7,0.0,-0.04,0.0
-388,203,-0.01,-0.04,-0.0
-1545,209,-0.06,0.18,-0.03
475,160,-0.05,-0.14,-0.04
-1328,303,0.02,0.14,0.02
1159,-93,0.03,0.03,0.04
-353,222,-0.05,0.11,-0.02
-136,-140,-0.03,-0.05,-0.02
428,287,0.01,0.01,-0.01
-1119,13,0.01,-0.03,0.01
837,-119,0.02,0.03,-0.01
-1780,125,-0.03,0.17,-0.04
25,-185,-0.03,-0.16,-0.03
-469,284,-0.0,0.1,-0.01
-543,-76,-0.03,-0.04,-0.02
1106,253,-0.0,0.03,0.04
-1269,121,0.02,-0.05,0.03
821,40,-0.0,-0.13,0.03
-823,262,0.02,0.13,-0.02
105,-233,-0.03,-0.08,-0.04
-215,176,-0.0,0.08,-0.0
-1545,-158,-0.02,0.07,-0.06
679,199,-0.01,-0.05,0.0
-1306,230,-0.01,0.12,-0.0
1050,275,0.0,-0.07,-0.01
-222,331,0.01,0.1,-0.02
-372,-146,-0.0,-0.16,-0.0
699,179,0.02,0.15,0.05
-1150,-178,0.03,-0.09,0.03
676,84,0.01,0.04,-0.01
-1533,67,0.02,0.09,-0.01
9,222,0.03,-0.16,0.02
-168,341,0.02,0.24,0.02
-620,-217,0.05,-0.11,0.01
1222,185,0.01,0.06,0.01
-1212,-67,0.05,-0.03,0.04
841,311,-0.02,-0.04,-0.03
-638,54,-0.03,-0.05,-0.04
-310,-164,0.01,0.03,0.03
-143,245,0.0,-0.07,-0.01
-1441,-78,0.03,-0.04,0.02
890,428,-0.01,0.13,0.02
-998,-141,0.01,-0.11,-0.02
871,46,0.01,0.1,0.03
-113,4,0.01,0.05,0.0
-482,-30,-0.03,0.08,0.0
757,212,-0.04,-0.05,-0.01
-1285,-319,-0.02,-0.01,-0.0
530,272,0.01,0.04,-0.0
-1549,-18,0.03,0.08,0.01
-295,186,-0.0,-0.16,-0.0
36,154,-0.05,-0.03,-0.0
57,-25,0.0,0.09,-0.01
1904,688,-0.01,-0.08,-0.02
-1219,173,-0.02,0.01,-0.01
641,260,-0.03,-0.08,-0.03
-636,-48,-0.01,0.11,0.02
-621,134,-0.03,-0.03,-0.02
-172,107,0.01,0.04,0.01
-1652,18,0.05,0.09,0.04
4447,522,0.05,-0.09,0.01
22713,5231,0.02,-0.07,0.01
39759,20775,-0.01,0.01,-0.02
30335,25684,0.01,-0.02,-0.01
9289,21316,-0.03,-0.07,0.0
1281,9468,0.01,-0.01,-0.01
-1667,859,0.01,-0.04,0.03
310,377,-0.01,0.01,0.0
-665,-97,0.03,0.03,0.01
13598,989,-0.03,-0.17,0.02
48652,10715,-0.0,0.14,-0.01
67927,27441,0.04,-0.1,0.01
71111,34468,-0.04,-0.05,0.0
54932,35389,0.0,-0.03,0.03
27207,30599,-0.03,-0.08,-0.0
3961,19034,-0.02,0.06,-0.0
-69,5409,-0.01,-0.01,0.04
7753,666,0.01,-0.01,-0.02
33463,11111,0.02,-0.06,0.08
61128,36812,0.06,0.03,-0.05
70861,38807,-0.0,-0.04,-0.01
72841,45326,0.0,0.02,-0.03
68292,47028,-0.02,-0.01,0.01
60148,43095,-0.03,-0.06,-0.0
46793,36208,-0.02,0.16,-0.02
29496,29056,0.01,-0.17,-0.0
37317,27634,-0.04,0.09,0.04
56010,36012,0.02,0.05,-0.01
69862,44207,0.04,-0.08,-0.03
80199,49158,0.0,0.02,-0.02
81749,53022,0.02,-0.08,-0.02
81878,52436,0.04,0.13,-0.01
75750,51747,0.03,0.01,-0.03
70736,48914,0.02,0.05,-0.0
63098,45206,-0.0,-0.01,-0.01
60814,41680,0.0,-0.01,-0.03
67928,44597,0.04,-0.04,0.04
73968,50854,0.02,0.03,0.01
82347,54116,0.02,-0.01,0.01
83940,54364,-0.02,-0.04,0.0
83777,53363,0.02,0.02,0.0
80360,51436,-0.02,-0.01,-0.02
74885,49779,0.0,0.03,-0.01
71468,49146,-0.01,-0.01,-0.02
64526,46809,-0.01,-0.13,-0.03
67334,45112,0.0,0.11,-0.01
71293,47590,-0.01,-0.05,-0.02
75188,49176,-0.02,-0.05,-0.02
79771,48674,-0.03,0.01,-0.03
83033,49230,-0.04,0.03,-0.05
87914,50619,-0.02,-0.08,-0.02
85980,49571,-0.01,0.03,-0.02
83604,48074,-0.02,0.02,-0.01
81255,47557,-0.01,-0.2,0.01
79915,49776,0.0,0.18,-0.01
82190,50878,0.01,-0.1,-0.02
83095,49063,0.04,0.01,0.01
86717,48325,0.0,0.01,-0.02
85275,47021,0.03,-0.04,0.01
86819,46922,-0.0,0.04,-0.03
86065,48191,-0.01,0.06,-0.0
84606,47691,-0.03,-0.02,-0.04
86360,46752,-0.04,0.04,-0.01
81576,46903,0.01,0.04,0.02
87152,47837,0.05,0.0,0.03
89403,51400,0.04,0.07,0.0
90215,53357,0.01,0.02,-0.01
92182,53703,0.04,0.08,-0.02
88086,53428,0.01,-0.04,-0.05
82984,52460,0.03,0.01,0.01
80274,46314,-0.01,0.11,-0.01
82003,44273,-0.01,-0.04,-0.03
82731,46061,-0.05,0.16,-0.0
81699,48042,-0.02,-0.04,-0.02
84795,49388,-0.02,0.08,0.0
86099,48571,0.02,-0.05,-0.01
91087,49749,-0.02,-0.07,0.01
91018,49735,0.02,0.04,-0.0
94745,49852,-0.03,0.01,-0.01
96607,49410,-0.0,-0.05,-0.01
94816,50236,-0.01,-0.01,-0.01
97561,52407,0.03,0.01,0.0
93348,53044,-0.03,-0.02,-0.01
93974,53051,-0.01,-0.05,0.01
93675,54249,-0.02,-0.02,0.01
94083,54302,0.05,0.07,0.02
97306,55024,-0.0,-0.11,0.05
94405,55413,0.0,0.03,-0.04
94873,54993,0.03,0.13,0.0
89027,54714,-0.01,-0.06,0.01
89583,54069,0.05,0.15,0.01
90522,53322,-0.01,-0.05,0.0
89364,53690,0.0,-0.1,0.05
90653,54427,0.03,0.03,0.0
89499,53218,0.01,0.04,0.03
94671,53368,0.04,-0.11,0.01
96877,55102,0.06,0.17,-0.0
94168,56389,0.01,-0.02,-0.0
94008,54271,0.01,0.01,0.04
91074,50843,-0.03,0.01,-0.01
92186,48665,-0.0,-0.05,0.01
90902,47910,0.04,0.08,-0.11
95300,47727,-0.03,-0.07,-0.02
95468,50818,-0.03,0.01,0.0
91745,48958,-0.02,-0.02,-0.01
92265,47199,-0.03,-0.05,0.0
92022,47876,0.05,-0.03,0.01
97643,49380,-0.01,0.07,-0.03
93448,52289,-0.04,-0.06,0.01
87964,49472,0.0,0.05,-0.0
86800,45762,0.04,0.16,-0.04
84672,45256,-0.02,-0.01,-0.02
88538,45837,-0.02,0.04,-0.02
89702,46396,0.01,-0.01,0.01
88071,47002,0.01,-0.01,-0.0
87461,43050,0.06,0.05,0.02
89184,44470,0.02,0.13,-0.01
93310,47779,0.01,0.01,0.01
94559,48989,-0.03,0.09,-0.01
96750,49615,-0.03,-0.09,-0.02
95171,49824,0.0,0.13,-0.01
96205,50896,0.03,-0.06,0.03
95319,51161,-0.0,0.12,0.01
98448,51241,0.03,-0.05,-0.02
99941,52480,0.03,0.03,0.02
95347,49778,-0.02,0.03,0.0
98135,49599,-0.03,-0.27,0.04
96745,51509,0.03,0.15,0.06
94972,49346,-0.0,-0.08,0.03
93747,46049,-0.03,0.14,-0.02
90529,46380,0.02,-0.05,0.01
91942,49489,0.0,-0.03,-0.01
89396,51544,-0.01,-0.07,0.0
92637,52029,0.02,0.07,0.04
93270,53401,0.03,0.07,-0.03
90650,53478,0.04,-0.08,-0.03
92787,52436,0.06,0.11,0.04
89882,51964,0.02,-0.01,-0.01
90419,49543,0.02,-0.02,0.05
89080,47240,-0.03,0.01,0.01
93755,47942,-0.01,-0.09,-0.03
94977,51823,0.01,0.09,0.01
93690,50867,0.03,-0.12,0.01
98453,47987,0.08,0.03,0.04
98904,49343,-0.0,0.04,-0.0
101395,49826,0.05,-0.07,0.04
101858,48615,-0.0,0.03,0.0
101255,48734,0.0,0.01,0.0
99654,48672,0.01,-0.05,0.01
98313,48043,-0.1,-0.01,-0.07
103163,52592,0.05,0.11,0.05
98190,55279,0.05,-0.14,-0.02
98955,51993,-0.0,0.07,-0.04
97027,53667,0.03,-0.04,-0.01
89800,57914,-0.04,-0.07,-0.04
87085,55944,0.02,0.18,0.01
84576,51638,-0.04,-0.14,-0.03
86317,50349,0.0,0.05,0.01
82075,47769,0.05,0.0,-0.01
82960,46629,0.03,-0.06,0.05
86854,48484,-0.01,-0.15,-0.01
89245,47078,0.01,0.02,0.0
97216,47500,0.01,-0.07,-0.0
97701,50847,-0.02,0.04,0.02
99822,53644,0.03,0.11,-0.0
101570,52288,0.06,-0.03,-0.06
102344,54071,0.03,0.1,0.05
104251,53859,0.02,-0.03,-0.01
102052,50816,0.0,0.04,-0.01
105774,50982,0.03,-0.13,0.02
101860,53803,0.0,-0.02,0.04
102306,56635,-0.0,0.08,0.0
104045,57722,0.03,-0.11,-0.06
100263,59257,-0.01,-0.0,-0.02
101914,56501,-0.03,-0.02,-0.03
98342,57092,-0.01,0.0,0.02
91588,59244,-0.01,-0.08,0.03
84853,53335,-0.0,0.1,0.0
81008,47743,0.02,-0.03,0.0
83354,45050,-0.0,0.14,-0.03
83093,45848,0.02,0.01,0.01
87731,47679,0.05,-0.05,-0.02
87386,48508,0.01,0.06,0.03
87480,48007,0.0,0.03,-0.03
86602,45646,0.01,0.08,-0.02
86857,44813,0.0,-0.02,0.03
89307,44077,0.02,0.09,-0.01
89633,44153,-0.03,-0.13,0.02
92597,45206,-0.0,-0.02,0.03
93881,45273,-0.04,-0.07,0.01
94530,45351,-0.05,0.06,-0.03
95116,43792,0.01,-0.03,0.0
94889,43585,-0.0,-0.08,0.02
97722,46571,-0.02,0.12,-0.01
93462,47122,0.01,-0.12,-0.02
92908,46337,0.0,0.14,0.02
91785,46148,-0.04,0.05,-0.04
91004,45665,0.0,-0.11,0.02
89751,46842,-0.03,-0.0,-0.02
87071,46746,-0.01,0.01,0.0
89314,45711,-0.0,-0.02,-0.02
88461,45093,0.04,0.04,-0.01
92451,47697,0.01,0.16,0.01
91723,51855,-0.0,-0.08,0.0
89453,49530,0.01,0.04,0.03
91064,49323,-0.04,-0.06,-0.05
91097,47733,-0.01,0.02,-0.04
95446,47903,0.07,0.25,0.01
95693,47402,0.0,-0.24,-0.0
96420,47285,0.01,0.15,0.01
97978,45715,0.03,-0.01,-0.01
97967,43730,-0.04,-0.08,-0.01
100475,46222,0.04,0.09,0.02
97356,45814,-0.01,-0.02,-0.01
97490,45526,-0.01,-0.06,0.01
95949,45040,0.01,-0.03,0.0
95332,43758,0.03,0.08,0.0
96543,45504,-0.01,-0.23,-0.0
93268,44500,-0.0,0.11,-0.0
95240,45560,0.01,-0.01,-0.0
92521,46747,0.03,0.05,-0.0
92459,48184,-0.01,0.01,0.01
91918,48479,-0.01,-0.15,-0.04
88145,46177,0.01,0.07,-0.01
90821,46308,-0.0,-0.11,-0.0
89645,47930,-0.02,-0.03,0.01
92251,46608,0.01,0.03,0.06
95304,44397,-0.01,-0.1,-0.03
92633,48019,-0.01,0.04,0.0
85975,49547,-0.01,-0.01,-0.0
82589,43057,-0.01,-0.02,-0.03
87030,41252,0.0,-0.18,-0.02
87200,41295,-0.05,0.08,-0.01
89200,42433,-0.03,-0.08,-0.03
89397,41681,0.04,0.08,0.04
88096,42842,-0.01,0.03,-0.02
89494,44336,0.05,-0.1,0.07
90331,44569,0.02,-0.0,-0.02
99049,43255,0.02,-0.09,0.02
95087,44449,-0.02,-0.06,-0.01
91084,46163,0.0,0.13,-0.04
89935,44670,0.02,-0.0,-0.01
87920,44800,-0.07,-0.15,-0.06
90644,44614,0.02,0.01,-0.02
89286,41261,0.03,0.0,0.04
91121,43220,-0.01,-0.06,0.0
93759,45932,-0.02,-0.07,-0.01
95432,48496,0.06,0.05,0.02
99588,50513,-0.0,-0.13,0.01
97860,53232,0.03,0.13,0.07
98759,55956,-0.01,-0.03,0.0
93910,54871,0.01,0.03,0.01
94029,53644,-0.04,0.02,-0.01
96546,50062,-0.02,-0.03,0.05
93760,48253,0.03,0.01,0.03
95904,47294,0.04,0.01,0.04
94298,46696,-0.02,-0.03,-0.01
96336,46969,-0.03,-0.12,-0.03
98301,47584,0.01,0.15,0.05
99179,49197,-0.02,-0.07,0.02
101455,50293,-0.01,0.04,0.04
98319,52146,-0.03,-0.03,-0.04
97560,51746,0.02,-0.06,0.01
94665,51556,0.01,0.02,-0.01
94871,53084,0.04,0.03,-0.01
95292,51858,0.01,0.03,0.01
95276,51386,0.0,0.01,-0.0
96951,52143,-0.01,-0.0,0.03
94843,54890,0.02,-0.01,0.03
92158,55462,-0.01,0.08,-0.02
90966,56891,-0.02,-0.04,-0.0
91750,54570,-0.02,0.0,0.0
95171,54854,-0.05,-0.06,-0.01
94736,56237,-0.01,0.03,-0.02
95544,56761,-0.0,-0.02,0.03
94970,55820,-0.04,-0.05,0.12
101792,50824,0.02,0.08,-0.05
102507,50463,-0.08,-0.05,0.01
104616,53509,0.02,0.08,-0.02
103561,52828,-0.05,-0.08,0.01
100640,58192,-0.07,-0.07,0.05
103232,57125,0.04,0.15,-0.01
100461,53643,-0.04,-0.12,-0.02
98001,54382,-0.03,0.05,-0.0
94796,50407,0.04,0.02,-0.02
91904,47354,-0.02,-0.06,-0.0
97246,44270,0.02,-0.02,-0.0
93530,44537,0.03,0.03,-0.05
95398,49260,-0.01,0.08,-0.02
92866,52435,-0.07,0.06,0.0
90645,50633,0.02,-0.11,0.04
92940,49334,-0.02,0.0,0.0
93668,46119,0.02,0.02,0.04
97771,47523,0.01,0.04,0.01
94227,49935,-0.15,0.14,0.06
93427,51337,-0.01,-0.15,-0.02
96848,50137,-0.01,0.05,0.01
102607,49329,-0.02,-0.03,-0.01
103688,53831,-0.09,-0.09,-0.04
97644,54460,0.02,0.13,-0.02
100534,50846,-0.01,0.14,-0.04
100061,50999,0.0,-0.08,-0.02
100763,51062,-0.0,0.08,0.02
103687,48597,0.02,0.02,0.01
105614,51660,0.05,-0.13,0.07
101771,47757,-0.0,0.08,0.02
94789,44326,0.01,-0.07,-0.03
102038,48705,-0.0,0.02,-0.01
101928,49360,0.0,0.04,0.03
98536,50311,-0.03,-0.09,-0.0
99015,54859,0.02,-0.03,-0.04
97070,58066,0.05,-0.01,-0.07
100957,58671,0.05,-0.11,-0.03
92717,63114,0.01,0.1,0.02
84887,57396,-0.07,-0.11,-0.01
84000,54262,-0.0,-0.12,-0.03
86288,53951,0.03,0.04,-0.01
89894,55207,0.02,-0.03,0.02
86265,54527,0.03,-0.03,0.02
89709,53906,-0.03,-0.09,-0.04
92772,56810,0.02,-0.07,-0.05
92931,59763,-0.02,-0.05,0.0
94259,59015,0.03,0.08,0.01
96902,56659,0.03,-0.07,-0.0
97630,54932,0.11,0.02,-0.01
95940,56445,0.01,0.06,-0.01
97034,57414,-0.0,-0.01,0.0
96302,58011,0.01,0.07,0.01
95054,57470,-0.01,0.04,-0.04
97127,57052,0.02,-0.03,0.03
95163,56838,0.03,-0.11,-0.02
97455,57202,0.08,0.07,-0.01
95141,58271,0.02,-0.04,0.02
93732,56662,0.0,0.01,-0.05
94219,54973,-0.03,0.21,0.03
94309,56012,0.01,-0.06,-0.01
95465,53963,0.04,0.12,0.04
94166,53574,0.02,-0.01,-0.03
97763,54573,-0.03,-0.05,0.06
98136,57132,0.06,0.11,-0.04
101267,60145,0.03,0.08,0.05
105069,64499,0.03,-0.06,0.0
106209,66616,0.05,0.01,0.0
109564,70184,0.09,-0.17,0.01
100405,67872,0.03,-0.03,0.01
96915,57122,0.04,0.08,0.03
95420,51294,-0.01,-0.04,-0.05
92691,51084,0.02,0.02,0.01
94578,52023,-0.05,0.04,0.01
90959,51612,-0.0,-0.23,-0.02
95408,51400,0.02,0.17,0.01
95622,53718,0.01,-0.01,0.03
98336,54528,-0.01,0.01,-0.0
98643,55440,-0.0,-0.02,0.03
92637,53272,0.03,0.0,0.01
91966,50798,0.03,-0.08,-0.0
89608,48864,0.05,0.11,0.02
92090,48733,0.02,0.03,-0.06
92844,49899,0.01,0.09,-0.01
90841,49619,0.01,0.13,0.04
94051,46773,0.04,-0.04,-0.03
93186,47471,-0.04,0.0,0.01
97220,49009,-0.0,-0.01,-0.03
95546,49852,-0.01,-0.16,-0.02
95854,51094,-0.01,0.03,-0.01
94810,51868,-0.03,-0.15,-0.03
93399,49308,-0.02,0.02,0.02
93815,50441,0.04,0.09,0.02
91111,51935,-0.06,0.06,-0.03
94262,50943,-0.03,-0.17,0.01
93235,47727,0.01,0.13,0.01
93822,48355,0.02,-0.04,0.02
97433,52107,0.1,0.02,-0.07
98947,54187,0.04,0.1,0.02
105601,56213,0.0,-0.1,0.02
108943,57409,0.03,0.06,0.03
112650,59673,0.03,-0.01,-0.0
117734,58397,-0.03,-0.14,-0.0
120480,65187,0.02,0.22,0.0
119197,65808,-0.01,-0.15,-0.03
96372,70301,0.06,0.14,0.03
94276,68028,-0.03,-0.01,-0.02
84847,62821,0.04,0.03,-0.01
79871,58027,-0.01,-0.02,-0.0
76742,52458,-0.03,0.01,0.0
73469,46735,-0.02,-0.03,-0.01
76096,43232,-0.0,0.05,-0.0
76172,42532,0.01,0.09,0.01
78544,42418,0.01,0.11,-0.04
104016,59670,-0.0,-0.08,-0.0
107961,57799,0.0,-0.02,-0.02
105808,50366,0.03,0.11,-0.01
101356,50038,0.01,0.09,-0.01
99239,49328,0.01,-0.04,0.01
95672,49823,-0.01,0.0,-0.01
95656,50178,-0.02,0.07,-0.01
88059,47272,0.02,-0.1,0.0
84808,45641,0.03,0.11,-0.05
94793,55462,0.02,-0.13,0.03
91147,64144,0.01,0.04,0.01
85145,53250,-0.02,0.02,0.01
83648,50969,-0.03,-0.14,-0.01
84537,51679,-0.01,0.19,0.02
85666,52919,-0.03,-0.02,-0.05
84010,50841,0.0,-0.02,-0.0
88011,48337,-0.01,0.05,-0.02
86224,46883,-0.0,0.02,-0.02
95844,48571,0.06,-0.03,-0.01
106147,63052,0.0,0.03,0.0
100520,59330,0.03,-0.03,0.01
102641,52821,0.02,-0.06,-0.01
101009,52796,-0.07,-0.0,-0.04
104067,53486,0.01,0.04,0.03
104189,53455,-0.05,-0.06,-0.03
107416,54462,0.0,0.05,0.02
102379,54510,0.02,-0.03,-0.02
97625,48889,0.05,0.01,0.03
106672,56243,0.05,0.07,0.04
99869,68803,-0.01,-0.01,0.02
92132,57846,0.07,0.06,0.03
92601,54278,-0.04,0.01,0.02
92462,57476,0.02,-0.01,-0.03
93512,58809,0.01,-0.06,0.02
89513,57703,-0.02,0.0,0.02
92469,58127,-0.02,0.07,-0.0
93012,52670,0.05,0.01,0.03
102582,51215,-0.01,0.02,-0.02
112748,64343,-0.01,-0.07,0.01
102631,64074,0.02,0.01,-0.0
103010,54896,-0.04,-0.06,0.01
100661,55824,-0.01,0.06,-0.02
101261,55578,0.0,-0.12,-0.0
100772,54722,-0.06,0.01,-0.02
102600,53944,-0.01,-0.08,0.02
104222,55388,-0.0,0.03,-0.03
104624,55976,0.03,0.11,0.01
113524,62874,0.04,-0.0,-0.01
104179,75942,0.01,-0.01,-0.02
96441,66307,-0.0,0.06,0.0
94718,55381,0.02,-0.01,0.02
93556,55816,-0.07,-0.16,-0.02
94985,59619,-0.05,0.1,-0.0
92427,57641,-0.03,-0.02,-0.02
91551,57247,-0.02,-0.07,-0.06
89793,55822,0.02,0.05,0.02
98664,57431,0.04,0.04,-0.05
114223,66760,-0.01,-0.07,-0.01
107179,79758,0.03,0.1,0.01
107429,67434,0.03,-0.06,-0.05
108243,60620,0.02,0.01,-0.03
110677,64081,-0.05,-0.12,-0.02
112194,66513,0.0,0.15,0.01
113609,67779,0.01,-0.14,-0.06
110507,70030,0.02,0.04,-0.01
95388,65904,0.06,-0.0,0.03
103760,47332,0.02,-0.09,-0.01
100485,54567,0.01,0.17,0.03
90023,66609,0.01,-0.1,-0.0
85258,54356,-0.0,0.07,-0.0
81817,48711,0.0,-0.01,0.03
82818,47197,0.07,0.07,0.03
83563,46789,0.01,-0.04,0.0
85336,49249,-0.02,0.06,0.01
84450,48629,-0.01,-0.04,-0.0
81387,49322,-0.03,-0.07,0.04
91182,47218,-0.0,0.08,-0.01
91862,54882,-0.0,-0.07,0.01
93534,59437,-0.02,-0.09,-0.04
94606,60071,0.05,-0.01,-0.04
94442,65348,-0.0,-0.06,-0.0
92864,63876,0.01,-0.02,0.02
91269,62884,-0.02,0.02,0.01
92260,61149,0.02,-0.08,0.01
96241,58485,0.05,0.09,0.01
105325,61663,0.03,0.03,0.01
97968,68214,-0.01,-0.03,0.0
91774,68958,0.01,0.01,0.01
96354,59471,-0.01,-0.08,0.02
96850,62172,-0.03,-0.0,-0.0
97745,65374,0.03,-0.06,0.03
93689,65992,-0.03,-0.06,-0.02
94317,64879,-0.01,0.0,0.0
91678,62448,0.01,-0.06,-0.02
92157,61296,0.02,0.08,0.01
97351,61254,0.03,0.16,0.0
94275,67135,-0.01,0.02,-0.02
92968,65804,0.01,-0.03,-0.02
88925,61931,0.02,-0.05,-0.01
90418,62902,-0.03,-0.03,0.01
90909,64486,-0.04,-0.04,-0.01
92032,65115,-0.07,-0.07,0.01
93756,65980,-0.0,0.05,-0.01
92778,64562,0.02,0.01,0.02
101168,64840,-0.02,-0.2,-0.03
100772,68498,0.04,0.1,0.0
100247,67855,0.01,-0.1,-0.0
100483,67122,-0.0,0.01,-0.02
99075,65345,0.03,0.01,-0.04
103656,67148,0.03,-0.06,0.0
101484,68029,-0.01,0.02,-0.0
103804,64533,0.0,-0.04,0.04
104464,65736,0.0,0.02,-0.02
102296,65609,0.06,0.0,0.04
101362,66321,-0.06,0.21,-0.05
98036,66336,0.0,-0.07,0.01
101673,69776,0.01,0.01,0.03
95090,68550,0.01,-0.03,-0.0
90849,60500,0.03,-0.09,0.04
90271,59454,-0.04,0.17,-0.02
90197,58883,-0.01,-0.12,-0.01
94955,60501,-0.02,0.08,0.0
94055,61587,-0.05,-0.01,-0.02
97352,62072,0.02,0.06,0.01
96479,61927,-0.03,0.0,-0.03
99363,62095,0.0,-0.04,-0.0
103810,64275,0.02,0.02,0.01
101857,64488,0.01,-0.03,0.01
105683,64507,-0.04,-0.02,0.04
105554,64924,-0.03,-0.09,-0.03
107251,66286,0.0,0.05,0.0
106037,65899,0.04,-0.04,-0.0
106437,64691,-0.01,0.04,-0.01
108115,65797,0.07,0.07,0.07
102988,63071,-0.02,-0.09,-0.03
105469,61602,0.04,-0.01,0.03
99420,62798,0.01,-0.05,-0.0
93182,57792,0.05,0.07,0.0
93368,50304,0.06,-0.08,0.02
95975,50446,-0.01,0.07,-0.0
101925,55543,-0.03,0.01,-0.02
97252,61148,0.01,0.02,0.0
95203,59472,-0.01,0.04,0.04
92478,53066,0.02,-0.13,-0.02
93856,48790,-0.0,0.05,-0.02
96441,50195,-0.0,-0.02,-0.0
93155,53216,0.03,-0.05,-0.03
95353,55200,0.02,0.08,0.01
92889,56031,0.03,0.02,-0.05
95998,53742,0.02,-0.04,0.03
100303,48173,0.0,-0.08,0.01
101328,48213,0.03,-0.03,0.02
97840,47342,-0.01,-0.17,0.01
90627,46959,-0.02,0.08,-0.01
91893,45944,0.06,-0.0,0.04
92165,46637,0.03,0.04,-0.0
95104,47251,-0.04,0.01,-0.01
98280,48466,0.05,-0.07,0.01
96548,52551,0.07,0.08,-0.06
96072,53785,-0.01,-0.12,-0.0
83738,53389,-0.02,0.03,-0.02
82530,44436,-0.01,0.05,0.02
84189,40473,0.0,0.01,-0.03
83486,43711,0.05,0.05,0.01
84292,44268,0.06,0.05,0.02
82377,45746,0.02,0.06,0.0
85271,47134,0.02,-0.02,-0.0
84869,48558,-0.02,-0.01,0.01
87554,50986,0.08,-0.11,-0.02
83803,50636,0.02,0.07,0.01
80976,45406,-0.03,-0.13,-0.01
85470,40191,0.02,0.02,0.04
85014,40280,0.04,0.16,0.02
90009,41352,0.04,-0.03,-0.01
89233,43328,-0.03,0.05,-0.01
91024,43980,0.03,-0.03,-0.01
96702,40691,0.0,0.04,0.02
97021,42068,-0.03,0.15,-0.05
99195,44759,-0.03,-0.19,-0.01
98161,43785,0.01,0.08,-0.01
98445,43069,-0.0,-0.05,-0.02
98036,43559,-0.04,-0.0,-0.02
93183,44861,-0.04,-0.01,-0.03
94693,47292,0.06,0.14,0.02
90918,47751,0.07,0.04,0.04
91269,47148,-0.0,-0.01,-0.0
90288,44179,0.01,0.08,-0.02
90089,45917,-0.03,-0.2,0.01
89177,46490,0.02,0.16,-0.05
89021,46041,-0.02,-0.17,-0.01
92749,46871,-0.03,0.01,-0.02
93251,48835,-0.01,0.09,0.01
95215,50065,0.0,-0.05,-0.02
93774,51900,0.06,0.02,-0.02
93166,48813,0.03,-0.02,0.02
91875,46642,-0.08,-0.05,-0.02
89181,45311,-0.0,-0.05,0.02
91886,43482,0.03,0.06,-0.03
93468,44688,0.02,0.02,0.02
94220,47729,-0.04,0.03,-0.03
93441,48641,0.01,0.06,0.01
93310,48967,0.04,-0.07,0.0
93454,50289,0.01,0.11,0.01
90953,48395,0.04,-0.08,0.01
93191,50540,0.02,0.09,0.0
90225,50807,0.02,0.01,-0.02
91639,50231,-0.01,-0.01,0.04
91513,51151,-0.05,-0.07,0.01
86331,51120,-0.02,0.01,0.04
87635,47981,-0.07,-0.05,-0.03
86560,46386,0.01,-0.02,0.05
87961,47956,0.03,-0.0,0.01
89246,47822,0.02,0.05,0.02
92551,49495,0.01,-0.03,-0.0
97635,53478,0.02,0.04,0.01
96904,54183,0.02,0.17,-0.03
104513,56559,0.02,-0.1,-0.01
102910,61844,0.05,-0.01,0.0
99474,57164,-0.03,-0.06,-0.03
102556,50284,-0.01,0.03,-0.02
103856,52926,-0.03,0.15,-0.06
105575,55827,-0.05,-0.13,-0.01
104450,1296138,-0.01,0.11,-0.0
110120,56232,0.03,-0.09,-0.01
110115,66435,-0.02,0.03,-0.0
103003,64333,0.05,0.12,0.0
101510,64195,-0.03,-0.05,-0.0
98581,66338,0.01,-0.08,-0.02
99681,67889,0.05,0.06,-0.0
101701,73158,0.04,0.09,-0.0
104717,78528,-0.09,-0.11,0.03
99227,73463,0.02,0.13,-0.06
94085,67644,0.04,-0.04,-0.05
94176,66290,0.02,0.03,-0.01
93200,60731,0.04,0.04,-0.02
93727,52066,0.01,-0.04,-0.03
95061,46675,-0.03,0.21,0.02
105847,47066,-0.01,-0.03,0.01
115111,49533,-0.01,-0.12,-0.01
121357,51794,0.02,0.06,0.04
134483,58086,0.04,0.1,0.0
127614,69050,0.01,0.03,0.01
121821,73754,-0.01,-0.03,-0.01
122999,75118,-0.01,0.02,-0.01
119202,73156,-0.02,-0.01,-0.04
110269,60534,0.01,-0.02,-0.01
100658,51380,0.01,0.04,-0.02
98468,49299,0.04,0.05,0.01
95726,53852,-0.02,0.03,-0.04
86180,48538,0.03,0.1,-0.0
88643,45372,-0.07,0.04,-0.05
104728,66701,-0.01,-0.13,-0.05
110101,79582,0.01,0.06,-0.0
106970,79549,0.0,-0.02,-0.04
101872,76861,-0.06,-0.01,-0.03
94856,67309,-0.0,0.15,-0.06
95389,60519,0.0,-0.1,0.02
99541,57838,0.04,0.1,0.01
101010,61141,-0.01,-0.05,-0.02
103855,62019,0.01,-0.04,-0.05
112015,69778,-0.04,-0.01,-0.02
109683,85598,-0.03,0.0,-0.01
100826,76529,0.01,-0.03,0.03
98407,70175,0.02,-0.05,0.01
94310,63847,0.01,0.05,0.0
87486,55825,0.0,0.09,-0.02
88537,48556,0.04,-0.08,-0.04
87811,45743,0.01,0.03,0.02
87685,49097,-0.02,0.04,-0.01
92227,51638,-0.08,-0.12,0.02
102411,61564,-0.05,0.03,-0.04
106691,74227,-0.03,-0.02,-0.06
104447,75553,-0.01,0.0,-0.0
100665,74885,0.01,0.02,-0.01
90492,67731,-0.02,-0.14,0.0
84029,59217,-0.01,0.14,0.01
84559,54589,0.0,-0.09,-0.01
83230,55462,0.03,0.02,0.02
89913,57196,-0.03,-0.0,-0.03
97900,60591,0.0,-0.05,-0.04
103741,70114,-0.03,-0.08,-0.01
104733,75975,-0.03,0.08,0.01
102692,76268,0.02,-0.01,-0.09
103024,73116,0.0,0.02,0.02
97910,68561,-0.02,0.04,0.01
99182,63527,0.01,-0.01,-0.0
99962,60587,-0.03,-0.03,0.01
100929,62081,-0.0,0.04,-0.02
106121,63425,-0.0,0.02,0.02
113307,70143,0.02,-0.09,-0.01
119781,81587,-0.02,0.07,0.0
115366,84845,0.01,-0.09,-0.0
113712,83544,-0.01,-0.02,0.0
111716,81313,-0.05,0.1,-0.06
107569,79247,-0.04,-0.07,-0.01
106115,76960,0.02,0.01,0.0
100234,75374,0.08,0.05,0.04
104425,74108,-0.0,-0.07,-0.03
111404,76388,-0.05,-0.01,-0.04
119566,87292,-0.01,0.15,-0.01
125116,95784,0.02,-0.18,-0.03
121289,101300,-0.01,0.11,0.0
115510,97053,0.04,-0.05,0.01
110131,84856,-0.02,-0.1,0.0
112876,80711,-0.04,-0.1,0.0
111636,80911,0.02,0.04,0.02
110840,81022,-0.01,-0.13,-0.0
118319,81638,-0.02,-0.03,-0.01
124702,95511,0.08,-0.04,0.02
131108,97831,-0.03,0.01,-0.0
132001,100015,-0.0,0.02,0.01
126314,95485,0.02,0.04,-0.01
123025,93232,0.03,0.05,0.06
123559,94571,-0.02,-0.26,0.01
125199,95639,0.05,0.12,0.01
120570,96729,0.04,-0.07,-0.04
124698,99625,0.03,0.02,0.01
129792,110669,0.01,-0.02,0.01
129139,115708,-0.01,-0.04,0.02
123734,106020,-0.02,-0.06,-0.03
124523,102048,0.01,0.03,0.03
128490,108262,-0.02,0.06,0.0
124349,105886,0.04,0.01,0.04
125961,103271,0.03,0.03,0.01
126036,102175,0.02,-0.07,-0.0
126238,106098,0.0,0.04,-0.01
136388,111542,0.07,0.02,0.01
141000,115267,-0.11,0.01,-0.02
137050,106070,0.01,-0.1,-0.0
129873,93899,-0.03,0.02,-0.05
133582,89999,0.03,-0.03,0.03
135730,90280,-0.05,-0.16,-0.02
128820,91032,-0.02,0.13,-0.01
123124,86111,-0.06,-0.06,-0.03
118143,83868,0.07,0.08,-0.05
120865,84370,-0.02,0.01,0.04
122116,86049,0.02,-0.09,-0.02
120228,87120,0.01,0.13,0.0
117384,84671,-0.0,-0.11,-0.03
115173,79695,-0.01,0.05,0.02
117078,80720,0.03,0.07,-0.01
113189,80948,0.05,-0.11,-0.01
116754,83886,-0.01,0.22,-0.01
117104,87780,-0.02,-0.15,0.03
108753,82204,-0.0,0.11,0.01
111402,75430,-0.02,-0.04,0.0
107951,75370,-0.02,0.1,0.01
108836,72814,-0.04,-0.11,-0.01
107159,72283,0.0,0.04,-0.0
106351,70324,0.02,-0.03,0.03
108554,67895,0.01,0.02,0.01
109116,68319,-0.01,0.02,-0.05
115543,69787,0.0,0.08,0.03
115202,70773,-0.01,-0.06,0.0
119730,70661,0.02,0.07,0.03
119048,74517,-0.02,0.01,-0.04
117954,73293,-0.01,-0.11,0.0
117822,73913,-0.02,0.1,0.0
114417,72978,-0.0,-0.09,-0.02
114947,73753,-0.01,0.03,-0.01
110468,73352,0.02,0.06,0.01
111129,72084,-0.05,-0.09,0.06
113348,73535,0.05,0.03,0.05
112614,75997,0.0,0.02,-0.02
111920,79390,-0.01,0.01,0.01
104634,77466,-0.02,0.03,0.01
106324,75357,-0.02,-0.12,-0.01
105992,74853,0.01,0.09,0.04
106335,73448,0.05,-0.03,0.0
108809,70371,0.02,0.01,0.03
108646,68688,-0.02,-0.0,0.04
113642,70824,0.01,-0.03,-0.0
116306,71959,0.03,0.05,0.01
120059,74927,-0.01,-0.03,-0.02
121500,77890,-0.03,-0.05,-0.02
123005,82502,0.01,-0.01,-0.04
123083,85512,0.01,-0.04,-0.0
112910,86532,0.03,0.16,-0.02
111104,78374,0.01,-0.08,-0.01
110268,72791,0.01,0.06,-0.03
110973,74121,0.0,0.05,-0.0
107849,75128,0.03,0.02,0.03
107258,72311,0.05,-0.05,0.03
110822,73962,-0.01,0.04,0.03
110072,75877,-0.04,-0.13,-0.01
113520,78373,0.02,-0.11,0.02
113963,81500,-0.01,0.04,-0.03
112335,82718,0.01,-0.01,-0.02
108776,82460,0.02,0.02,0.02
104985,75374,-0.03,-0.01,-0.06
104465,71073,-0.03,0.01,0.03
101752,70580,-0.02,-0.05,-0.02
108538,68584,-0.02,-0.0,0.01
114135,70396,-0.01,-0.08,-0.04
118630,74882,-0.03,-0.04,0.02
122532,79503,0.07,0.0,-0.02
120788,83668,0.04,0.03,-0.01
122457,85335,-0.02,-0.02,0.02
123262,83979,0.01,0.04,-0.02
124763,85265,-0.03,-0.07,-0.04
119412,87249,-0.06,-0.21,-0.03
106978,87567,0.0,0.09,0.0
105698,80147,0.02,-0.01,-0.02
101259,76193,-0.03,-0.06,-0.01
102321,73895,0.02,0.05,-0.01
102750,73224,-0.0,-0.18,0.01
100320,74680,-0.04,0.09,0.01
100407,74415,-0.03,-0.05,0.03
98466,73663,-0.0,0.07,0.03
100670,73929,-0.03,0.02,0.01
102084,73292,0.04,-0.05,0.02
103773,73733,-0.0,0.09,-0.01
103469,72128,-0.05,-0.08,0.02
103906,71082,-0.05,-0.06,-0.05
109327,70936,0.03,-0.06,0.05
108691,74589,0.01,0.01,-0.01
109797,77037,-0.05,-0.05,0.0
109709,77630,0.03,0.03,-0.02
110795,77690,-0.03,-0.04,-0.01
111014,77260,0.01,-0.03,0.02
103599,73338,0.05,0.16,0.01
106442,65218,0.02,-0.13,-0.01
105977,66193,0.04,0.04,0.01
107397,66372,-0.02,0.09,-0.0
108680,67067,-0.03,-0.05,-0.02
109021,70685,-0.01,-0.01,-0.01
110092,75217,-0.02,0.06,0.01
106482,77313,0.04,0.03,0.0
101241,77072,0.01,-0.03,0.08
97187,70917,0.03,0.05,-0.01
93841,69608,-0.01,0.0,0.03
92046,64878,0.0,-0.0,-0.04
88092,60497,0.01,0.04,0.01
91989,60224,-0.02,0.12,0.02
93620,61504,-0.04,-0.13,0.01
99146,65446,0.04,0.03,0.02
101057,68109,0.01,0.01,0.03
101676,69284,-0.02,-0.0,-0.0
104087,68051,-0.0,0.12,-0.04
100329,67493,0.04,-0.1,-0.01
101487,66026,0.04,0.12,0.04
101405,63568,-0.03,-0.03,-0.01
105377,64190,0.0,0.01,-0.01
107896,64585,0.03,0.01,0.04
107517,67255,0.01,-0.0,0.03
110097,70480,0.06,-0.08,-0.08
106947,73122,-0.01,0.0,0.01
105122,75050,0.02,0.09,-0.03
101165,71120,0.02,-0.12,-0.01
99646,69617,0.02,0.05,0.01
101049,69196,-0.02,-0.05,0.04
100561,70974,0.05,0.05,-0.0
102407,72938,-0.28,-0.44,0.14
96526,72644,-0.23,-0.33,-0.01
90224,72587,0.01,0.05,-0.02
84783,66355,-0.04,-0.18,-0.0
80615,59422,-0.03,-0.0,-0.04
74263,57166,0.04,0.04,0.03
65374,57407,-0.06,0.06,0.01
61144,56868,-0.01,-0.04,-0.02
50837,52521,0.01,0.11,-0.0
44978,43462,-0.04,-0.07,-0.05
45508,35941,0.04,-0.04,0.05
42361,33120,-0.05,0.11,-0.04
41137,32019,-0.03,-0.13,-0.01
36867,29868,-0.11,0.09,0.0
36351,28924,-0.45,-0.06,-0.02
32381,28372,0.03,-0.03,0.0
29799,27862,-0.02,-0.03,0.0
28201,26410,0.02,0.09,0.03
22425,24619,-0.12,-0.04,-0.06
22985,21046,-0.09,0.06,-0.04
19287,20073,-0.24,0.15,-0.06
17981,20701,-0.09,-0.11,0.01
15640,17488,-0.23,0.06,-0.03
14467,17357,-0.37,-0.07,-0.04
15189,18158,-0.26,0.07,-0.01
12514,16749,-0.38,0.07,-0.01
15580,16164,-0.36,-0.24,0.02
15605,15737,-0.57,0.04,-0.06
17962,15492,-0.86,-0.05,-0.02
19988,16499,-0.04,0.01,-0.04
19791,16426,-0.23,-0.2,-0.02
21911,16511,-0.35,0.03,-0.03
20690,15417,-3.03,0.04,0.04
23468,16606,-0.44,0.1,-0.02
21819,17059,0.08,0.0,-0.01
21248,15069,-0.39,0.08,-0.01
22913,14377,-0.67,-0.04,0.03
20210,12807,-0.19,0.08,-0.02
21173,13177,-0.27,-0.0,0.07
16747,13321,-0.06,0.08,0.07
14737,12145,-0.07,-0.22,0.02
13626,11740,-0.02,0.08,0.04
11633,11401,-0.38,-0.04,-0.0
11493,12211,0.03,0.01,-0.02
7410,10476,0.02,0.0,0.01
9065,9327,0.03,-0.09,0.01
6834,7786,0.02,0.22,0.0
7651,5219,0.05,-0.13,0.02
10693,6726,-0.02,0.13,0.02
8959,7268,0.03,-0.11,0.03
13850,7521,-0.15,0.12,0.0
13093,8838,-0.29,-0.09,0.01
13883,10750,-0.92,0.07,0.01
13371,11763,0.01,-0.05,-0.01
13904,10289,-0.13,-0.05,-0.04
18878,9787,0.03,0.22,-0.01
15472,8351,-0.0,-0.18,0.04
19099,6784,-0.7,0.14,0.05
17067,7741,-0.15,-0.06,0.05
14900,8683,-0.35,-0.08,-0.03
15591,8534,-0.03,-0.07,-0.03
11231,9241,-0.22,0.05,-0.0
10151,9641,-0.07,-0.1,-0.01
6175,7214,-0.03,0.12,-0.02
6374,4602,0.01,-0.11,0.01
6018,4180,0.03,0.13,0.01
5619,4026,0.01,-0.08,0.01
7361,3941,0.02,0.01,0.0
5153,4663,0.04,0.03,-0.0
8382,4811,-0.02,-0.02,0.04
8468,6699,0.01,0.05,-0.02
8168,6142,0.03,-0.09,0.01
8379,6589,-0.01,0.0,0.04
6837,6316,0.01,-0.18,-0.04
9430,4231,0.03,0.06,-0.01
8403,4958,-0.63,-0.03,-0.05
12047,5557,-0.7,0.07,0.02
12843,6790,0.11,0.02,0.01
13616,6625,0.03,-0.11,0.07
16495,7836,0.03,0.2,0.01
12852,8449,-0.21,-0.09,-0.02
12317,6650,-0.02,0.12,0.01
8572,6390,-0.01,0.01,0.01
5757,4281,-0.04,0.06,-0.01
4067,3019,-0.03,0.09,-0.03
3621,2957,0.0,-0.05,0.01
5874,3493,0.03,0.07,0.0
3275,3944,0.05,0.02,0.05
5121,3274,0.02,-0.02,-0.03
4829,4635,-0.03,0.05,-0.02
4077,4168,0.01,0.07,-0.03
3863,3622,-0.02,-0.1,-0.01
1718,3021,0.09,0.03,0.02
3830,2198,0.03,0.09,0.03
3150,2940,-0.02,-0.07,0.01
5134,3048,0.04,0.16,-0.03
5795,3235,-0.05,-0.08,-0.03
7021,3720,-0.01,-0.03,-0.02
10918,4795,-0.4,0.2,0.03
10435,5609,-0.06,-0.2,-0.01
12865,5375,0.14,0.14,0.02
10320,4858,0.02,-0.04,0.02
8875,3873,-0.1,0.2,-0.05
6971,3002,0.01,0.02,-0.01
6387,2645,-0.03,0.05,-0.03
6193,3168,-0.03,-0.02,-0.01
2449,2343,-0.01,-0.05,-0.03
5276,2348,0.02,0.05,0.05
4681,3908,0.04,0.14,0.02
3984,3656,-0.0,0.06,-0.03
4567,3645,-0.05,0.05,-0.02
2316,2924,-0.01,-0.08,0.0
3590,2545,0.03,0.04,0.05
1641,1226,0.04,0.11,-0.01
3681,1372,0.04,0.04,0.0
3328,2495,0.01,-0.0,0.01
3930,2226,0.01,0.06,-0.0
7355,3396,-0.04,-0.04,-0.03
5438,3485,-0.01,-0.15,-0.01
8934,4050,-0.01,0.14,0.01
7979,3897,-0.01,-0.08,-0.0
9534,2353,-0.07,0.08,-0.04
10159,2167,0.03,0.02,-0.01
8850,1413,0.04,0.07,0.02
10396,2285,0.03,-0.07,0.04
5321,2964,0.0,0.03,-0.02
6183,3016,-0.05,-0.11,-0.0
4667,3662,0.03,-0.03,0.01
2386,2988,0.07,0.08,0.02
4008,2999,0.01,-0.05,-0.0
896,2654,0.0,-0.01,-0.01
2987,1674,-0.01,-0.05,-0.02
1911,984,-0.04,0.03,-0.0
2946,1707,-0.03,-0.03,-0.03
2958,1786,-0.01,-0.04,-0.02
2906,1764,-0.02,0.0,0.01
5254,2612,-0.03,-0.09,0.0
1434,2994,0.06,0.13,-0.01
3486,2621,0.01,-0.05,0.02
2387,2126,-0.02,0.02,0.01
2847,1295,-0.04,0.2,0.02
5754,1118,0.01,-0.07,0.01
5508,1739,-0.02,0.08,0.02
8872,2356,0.03,-0.01,0.01
7295,3065,0.05,0.05,0.0
8755,2920,-0.07,0.12,-0.05
8864,3935,-0.05,-0.19,-0.02
6282,3008,-0.04,0.1,-0.02
5861,1990,-0.02,-0.01,-0.02
1296,1532,-0.0,-0.0,-0.02
2587,569,0.04,-0.05,0.03
1732,1584,0.02,0.06,0.01
2084,1177,0.01,0.02,0.01
2760,1580,-0.02,-0.01,-0.01
2526,2773,0.01,0.06,0.01
3975,2615,0.01,0.07,-0.01
635,2008,0.03,-0.16,0.02
2761,1540,-0.0,0.17,0.01
2057,1647,-0.0,-0.06,0.01
1882,660,-0.04,0.09,-0.04
3626,836,-0.08,-0.22,-0.01
1917,1291,-0.02,0.09,-0.02
2853,886,0.0,-0.11,0.01
1972,2372,-0.03,0.03,-0.02
4397,3372,0.06,0.02,-0.03
3569,2576,-0.03,-0.2,-0.0
4706,1939,0.01,0.17,0.03
6506,2029,-0.03,-0.13,-0.0
3424,1741,0.01,0.07,0.01
3456,774,-0.02,-0.04,-0.03
1192,945,-0.0,0.19,-0.03
2466,1204,-0.01,0.06,-0.0
2676,1377,-0.03,-0.04,-0.02
2008,1685,-0.01,0.04,-0.0
3650,2587,-0.05,-0.05,-0.02
239,1794,0.04,-0.02,-0.0
2013,1383,0.04,0.16,0.02
928,1651,-0.04,-0.08,-0.04
599,755,0.01,0.11,0.02
2212,775,-0.01,0.01,-0.05
178,704,-0.01,-0.04,-0.01
2366,949,-0.01,0.07,-0.02
1639,1494,-0.02,0.01,-0.02
2961,2366,0.01,0.01,-0.02
1819,2249,0.04,-0.01,0.06
1752,1469,0.01,0.1,0.05
5196,2266,0.02,0.04,-0.03
3225,1485,0.05,0.12,-0.0
5025,904,-0.04,-0.11,-0.01
3039,993,-0.05,0.13,0.02
2628,1014,0.03,-0.06,0.03
3245,1371,0.03,0.11,-0.01
2396,1888,0.04,-0.07,0.03
2779,3267,-0.02,0.02,0.02
-748,1440,0.01,-0.04,-0.0
1086,1084,0.01,-0.2,0.03
268,1285,0.03,0.2,0.04
-382,114,0.03,-0.16,0.04
1580,548,-0.02,-0.0,-0.0
-560,316,-0.04,-0.14,-0.04
1711,1034,-0.02,0.03,-0.0
974,1193,-0.05,-0.07,-0.04
1847,2036,0.03,-0.01,0.01
1188,2305,0.06,0.11,0.06
-683,1152,-0.05,-0.12,-0.04
1758,1302,-0.02,0.12,-0.01
-590,660,0.03,0.1,-0.03
1935,637,-0.0,-0.07,0.02
1231,533,-0.01,-0.06,-0.01
2978,408,0.06,0.07,-0.03
5527,1411,0.03,-0.05,0.03
2706,1749,0.02,-0.06,0.01
3361,2037,0.05,0.05,-0.0
-327,1168,-0.02,-0.09,-0.04
878,911,-0.07,0.2,-0.06
977,828,-0.02,-0.03,-0.02
-123,549,-0.04,-0.02,-0.05
2120,685,0.06,-0.04,0.04
-322,845,0.06,0.06,0.06
1988,738,0.01,-0.13,0.01
1774,2105,0.02,0.1,0.02
1456,1774,0.01,-0.04,0.0
1435,1144,0.01,-0.05,-0.01
-575,1044,-0.01,-0.05,0.01
1697,411,0.0,0.02,-0.01
-244,478,0.03,-0.02,0.01
1463,90,-0.0,0.05,-0.0
788,483,-0.06,0.02,-0.07
560,350,-0.05,-0.13,-0.01
4313,1277,-0.01,0.08,-0.02
2764,2031,-0.02,-0.04,0.0
4479,1260,-0.0,0.02,0.01
1984,1270,-0.05,0.11,-0.04
2000,201,-0.04,-0.22,-0.02
3178,193,0.01,0.06,-0.02
1523,-192,0.03,-0.09,0.04
2438,-63,-0.02,-0.04,-0.01
-331,160,0.03,0.07,0.01
2379,216,-0.01,-0.04,-0.02
2420,1772,-0.02,0.08,-0.02
1251,1115,-0.02,-0.07,-0.02
2009,1433,0.01,0.08,0.0
-526,968,0.02,-0.09,0.02
1547,245,0.0,-0.2,-0.0
-25,201,0.01,0.13,0.02
1298,-376,0.03,-0.11,0.03
905,217,-0.04,0.04,-0.03
273,-62,0.04,-0.01,0.02
3175,928,-0.0,-0.0,0.02
894,1655,-0.02,-0.12,0.02
2089,693,0.0,0.0,-0.01
665,586,-0.01,-0.02,-0.02
1381,-13,-0.03,-0.14,-0.0
3009,121,0.04,0.12,0.06
2975,-541,0.01,-0.18,0.03
5202,-237,0.02,0.12,0.02
2176,30,-0.03,-0.1,0.04
3608,-87,0.04,0.16,0.03
3629,1179,-0.0,-0.12,0.02
1289,846,0.02,0.03,0.01
1799,581,-0.01,-0.02,-0.01
-422,8,-0.01,-0.07,0.01
1916,168,0.02,0.14,0.04
537,31,-0.03,-0.16,-0.02
1314,-181,0.03,0.13,0.03
1413,288,-0.03,-0.06,-0.02
710,-131,0.07,0.06,0.03
3632,779,-0.02,-0.01,0.01
489,751,-0.02,0.05,-0.03
2008,472,0.01,-0.03,0.01
1114,557,0.02,0.02,0.01
1318,-203,-0.03,0.05,-0.01
2763,-226,0.02,-0.06,-0.01
279,-615,-0.01,0.05,-0.0
1911,233,-0.02,-0.06,-0.02
596,90,0.02,0.04,0.0
2510,370,0.03,0.07,-0.01
2752,838,-0.03,0.01,0.02
1141,771,0.02,-0.01,-0.01
